saldo,0
top up,0
tarik tunai,0
transaksi,0
pembayaran,0
kirim uang,0
dompet digital,0
aplikasi dana,0
akun dana,0
isi saldo,0
transfer bank,0
kirim ke sesama,0
upgrade akun,0
akun premium,0
batas transaksi,0
dana points,0
cashback,0
voucher diskon,0
promo spesial,0
saldo masuk,0
saldo keluar,0
kode referral,0
scan qr,0
bayar dengan qr,0
bayar tagihan listrik,0
beli pulsa,0
paket data,0
e-money,0
kartu tersimpan,0
metode pembayaran,0
biaya admin,0
aplikasi e-wallet,0
simpan kartu debit,0
keamanan akun,0
verifikasi akun,0
otp,0
token verifikasi,0
notifikasi,0
riwayat transaksi,0
histori pembayaran,0
upgrade premium,0
dana protect,0
akun terverifikasi,0
info saldo,0
info transaksi,0
isi saldo di alfamart,0
isi saldo di indomaret,0
pembayaran instan,0
auto debit,0
link rekening,0
rekening terhubung,0
paylater,0
dana paylater,0
fitur terbaru,0
aplikasi update,0
versi terbaru,0
dana bisnis,0
bayar merchant,0
scan barcode,0
top up otomatis,0
akun nonaktif,0
saldo minimal,0
waktu transaksi,0
nominal transfer,0
limit bulanan,0
nominal top up,0
akun pribadi,0
akun bisnis,0
dana pribadi,0
dana merchant,0
top up via mobile banking,0
top up via internet banking,0
pembayaran QRIS,0
QR code,0
bayar dengan DANA,0
status transaksi,0
waktu proses,0
aplikasi berjalan,0
koneksi internet,0
dukungan pelanggan,0
pusat bantuan,0
kontak CS,0
laporan transaksi,0
unduh struk,0
laporan keuangan,0
ganti pin,0
reset sandi,0
login akun,0
logout akun,0
masuk aplikasi,0
keluar aplikasi,0
versi aplikasi,0
pembaruan aplikasi,0
seimbang,0
setara,0
lumrah,0
rata,0
sama,0
cukup baik,0
cukup buruk,0
cukup stabil,0
cukup nyaman,0
cukup oke,0
cukup lancar,0
cukup sesuai,0
cukup aman,0
cukup pas,0
cukup jelas,0
cukup informatif,0
cukup ringan,0
cukup berat,0
cukup layak,0
cukup balance,0
cukup adil,0
cukup wajar,0
cukup simpel,0
cukup bisa,0
cukup normal,0
cukup sedang,0
cukup masuk akal,0
cukup bisa dimengerti,0
cukup bisa diterima,0
cukup konsisten,0
cukup konstan,0
cukup selevel,0
cukup lumayan,0
cukup biasa,0
cukup cocok,0
cukup sinkron,0
cukup stabil dimainkan,0
cukup seru dimainkan,0
cukup enak dimainkan,0
cukup nyaman dipakai,0
cukup mendukung,0
cukup bisa dipakai,0
cukup cukup,0
cukup bisa digunakan,0
cukup gampang,0
cukup susah,0
cukup menantang,0
cukup lumayan sih,0
cukup sesuai ekspektasi,0
cukup standar kok,0
cukup tidak mengecewakan,0
cukup tidak membosankan,0
cukup tidak mengesankan,0
cukup lumayan kok,0
cukup lumayan banget,0
cukup seperti biasa,0
cukup seperti sebelumnya,0
cukup bisa diabaikan,0
cukup bisa dimaklumi,0
cukup cukup biasa,0
cukup cukup enak,0
cukup cukup sesuai,0
cukup cukup lancar,0
cukup cukup normal,0
cukup cukup standar,0
cukup cukup lumayan,0
cukup cukup bisa,0
cukup cukup aman,0
cukup cukup jelas,0
cukup cukup nyaman,0
cukup cukup pas,0
cukup cukup balance,0
cukup cukup adil,0
cukup cukup wajar,0
cukup cukup informatif,0
cukup cukup bisa diterima,0
cukup cukup stabil,0
cukup cukup mendukung,0
cukup cukup konsisten,0
cukup cukup bagus,0
cukup cukup oke,0
cukup cukup biasa aja,0
cukup cukup bisa digunakan,0
cukup cukup bisa dimainkan,0
cukup cukup bisa dinikmati,0
cukup cukup bisa diandalkan,0
cukup cukup bisa dimaklumi,0
cukup cukup bisa dijalankan,0
cukup cukup bisa diterapkan,0
cukup cukup bisa dipahami,0
cukup cukup bisa diterima logika,0
cukup cukup masuk akal,0
cukup cukup relevan,0
cukup cukup setara,0
cukup cukup lumayan sih,0
cukup cukup lumayan banget,0
cukup cukup masuk akal juga,0
cukup cukup seimbang,0
cukup cukup tidak terlalu buruk,0
cukup cukup tidak terlalu baik,0
cukup cukup dapat diterima,0
cukup cukup dapat dipahami,0
cukup cukup dapat digunakan,0
cukup cukup dapat diandalkan,0
cukup cukup dapat dimengerti,0
cukup cukup dapat dijalankan,0
cukup cukup dapat dinikmati,0
cukup cukup dapat dimainkan,0
cukup cukup dapat diterapkan,0
cukup cukup dapat dimanfaatkan,0
cukup cukup bisa diterapkan secara umum,0
cukup cukup bisa diterapkan dengan baik,0
cukup cukup bisa digunakan secara wajar,0
cukup cukup bisa digunakan dalam batas normal,0
cukup cukup dapat diterima oleh banyak orang,0
cukup cukup cukup,0
cukup cukup cukup stabil,0
cukup cukup cukup normal,0
cukup cukup cukup aman,0
cukup cukup cukup nyaman,0
cukup cukup cukup jelas,0
cukup cukup cukup pas,0
cukup cukup cukup balance,0
cukup cukup cukup adil,0
cukup cukup cukup wajar,0
cukup cukup cukup informatif,0
cukup cukup cukup bisa diterima,0
